{
  "awake_eyes_closed": {
    "delta": {
      "metric_values": [
        0.0,
        0.0,
        27.070333275615095,
        0.0,
        27.27340453346815,
        0.0,
        0.0,
        27.035417893262224,
        0.0,
        0.0,
        28.87328559014985,
        0.0,
        0.0,
        0.0,
        0.0,
        0.0,
        0.0,
        0.0,
        29.39364367320616,
        26.765202548901154,
        0.0,
        0.0,
        0.0,
        27.667804458011318,
        0.0,
        0.0,
        26.630051594433375,
        0.0,
        0.0,
        0.0,
        26.980478941059488,
        27.412006755185413,
        26.419684672560855,
        0.0,
        0.0,
        0.0,
        0.0,
        25.750825323618365,
        0.0,
        0.0,
        0.0,
        0.0,
        0.0,
        0.0,
        27.6206642266514,
        0.0,
        26.688460476166362,
        0.0,
        26.89107493316901,
        0.0,
        0.0,
        0.0,
        0.0,
        0.0,
        0.0,
        0.0,
        26.53848812799869,
        26.4948618513277,
        0.0,
        0.0
      ],
      "mean_metric": 7.691761481246409,
      "std_metric": 12.241665729576644,
      "n_epochs": 60
    },
    "theta": {
      "metric_values": [
        27.074772899477544,
        0.0,
        0.0,
        27.083489494831746,
        0.0,
        26.1712555896125,
        27.190679631620206,
        0.0,
        28.54459322530136,
        26.178303557551384,
        0.0,
        27.693405690847555,
        0.0,
        28.526092964057433,
        26.10517180667928,
        0.0,
        0.0,
        0.0,
        28.679640957234763,
        0.0,
        0.0,
        0.0,
        0.0,
        0.0,
        26.320272466913735,
        0.0,
        27.134403448085695,
        0.0,
        0.0,
        0.0,
        0.0,
        0.0,
        27.08406919823601,
        0.0,
        0.0,
        27.06944301558537,
        26.442433650849797,
        26.34024145127812,
        0.0,
        0.0,
        0.0,
        0.0,
        0.0,
        0.0,
        0.0,
        26.771654862838723,
        28.585335223098234,
        26.63010023687402,
        26.999947918036565,
        26.72761972374003,
        26.296590094616,
        0.0,
        0.0,
        0.0,
        0.0,
        28.214790070005407,
        28.363860994566185,
        26.35731919814336,
        0.0,
        0.0
      ],
      "mean_metric": 11.309758122834685,
      "std_metric": 13.393073589652648,
      "n_epochs": 60
    },
    "alpha": {
      "metric_values": [
        0.0,
        26.577374933139136,
        26.532586879161382,
        26.387123947314027,
        0.0,
        25.815353812917415,
        25.867691196350577,
        27.379855172575674,
        26.791363207159964,
        26.221711666529302,
        26.228776777878306,
        25.72230077616549,
        26.563401581772144,
        26.650627174498037,
        0.0,
        27.501320392265047,
        26.970702794325877,
        26.287243250443474,
        27.058403844449888,
        26.503108384392156,
        0.0,
        26.746249444950692,
        0.0,
        0.0,
        26.286220274038637,
        26.141629088966443,
        26.18410259876572,
        25.716397492697784,
        26.34792070527458,
        0.0,
        0.0,
        0.0,
        26.351419456387546,
        26.130007430993054,
        0.0,
        0.0,
        0.0,
        0.0,
        26.027814721924663,
        26.45710722266308,
        0.0,
        0.0,
        26.082711790696372,
        26.037042739614304,
        0.0,
        26.028645392242847,
        26.766761828229875,
        26.428822916746427,
        0.0,
        0.0,
        26.160810417098286,
        27.4756605592477,
        0.0,
        28.480815109531804,
        0.0,
        26.098239169699923,
        26.186964482033307,
        26.046656283363884,
        26.03543032834257,
        0.0
      ],
      "mean_metric": 17.18793958741412,
      "std_metric": 12.62022632724821,
      "n_epochs": 60
    },
    "beta": {
      "metric_values": [
        25.42217679340952,
        25.4920196113358,
        25.751588762616095,
        25.722864058660065,
        26.334348033088617,
        27.637260411445325,
        0.0,
        25.94958437148962,
        25.93619082241515,
        0.0,
        0.0,
        0.0,
        25.37574619856012,
        25.637664235176793,
        0.0,
        25.501505710403585,
        0.0,
        0.0,
        25.414210368230147,
        0.0,
        0.0,
        0.0,
        26.045976491754384,
        0.0,
        0.0,
        0.0,
        0.0,
        0.0,
        25.380423959839252,
        25.14133187120631,
        0.0,
        26.417137147819734,
        25.70233520790233,
        26.476489496489727,
        0.0,
        0.0,
        25.550706431876726,
        25.66457901217433,
        26.80068630851775,
        27.22598563951449,
        0.0,
        25.043300671174514,
        0.0,
        0.0,
        25.65528244227244,
        26.726785975936092,
        0.0,
        25.53923188912102,
        26.39847283120488,
        25.149988656247313,
        26.50400507249395,
        26.336434947124847,
        0.0,
        0.0,
        25.52779505516469,
        25.522216902416645,
        0.0,
        0.0,
        26.834415810030418,
        26.68205063559037
      ],
      "mean_metric": 14.70834653054505,
      "std_metric": 12.870679273284768,
      "n_epochs": 60
    },
    "gamma": {
      "metric_values": [
        25.662415730149785,
        0.0,
        0.0,
        25.6728319372323,
        25.627305196105066,
        0.0,
        27.461993855770384,
        25.5450309959126,
        25.975634304772502,
        26.92317025875148,
        24.680889025919825,
        26.052206822638002,
        0.0,
        0.0,
        25.77529865642914,
        0.0,
        0.0,
        26.434232798063142,
        0.0,
        0.0,
        26.54226307020215,
        25.12666060522902,
        0.0,
        24.97622010015065,
        0.0,
        0.0,
        0.0,
        0.0,
        25.95869939872551,
        25.475456218788924,
        0.0,
        0.0,
        26.033637675070135,
        25.513255722145782,
        25.373853470818446,
        25.120495867967595,
        25.092117560712328,
        25.535526452754425,
        25.24791825082436,
        24.97408254911383,
        25.44191364203022,
        25.528948267385026,
        0.0,
        0.0,
        0.0,
        0.0,
        0.0,
        25.724891694104617,
        25.081803441868814,
        0.0,
        24.867615066077754,
        0.0,
        25.140517508996446,
        24.965963624768005,
        0.0,
        0.0,
        26.436466462492277,
        0.0,
        0.0,
        26.491508249866772
      ],
      "mean_metric": 14.107680408030623,
      "std_metric": 12.769312837929359,
      "n_epochs": 60
    },